 ,Market,State,District,Grade,Min Price,Max Price,Modal Price,Date,Source
Cucumbar(Kheera),APMC Hingna,Maharashtra,Nagpur,Local,250,3000,1595,08-Sep-26,data.gov.in
Cucumbar(Kheera),APMC Kalmeshwar,Maharashtra,Nagpur,Local,1055,1500,1325,08-Sep-26,data.gov.in
Bengal Gram(Gram)(Whole),APMC Savner,Maharashtra,Nagpur,FAQ,6095,6230,6180,08-Sep-26,data.gov.in
Bengal Gram(Gram)(Whole),APMC Nagpur,Maharashtra,Nagpur,Non-FAQ,5700,5874,5830,08-Sep-26,data.gov.in
Bengal Gram(Gram)(Whole),"M/S Kalpana Agri Commodities Marketing, Nagpur",Maharashtra,Nagpur,Local,6300,6300,6300,08-Sep-26,data.gov.in
Cabbage,APMC Kalmeshwar,Maharashtra,Nagpur,Local,1510,2000,1830,08-Sep-26,data.gov.in
Cabbage,APMC Hingna,Maharashtra,Nagpur,Local,1300,2000,1742,08-Sep-26,data.gov.in
Green Chilli,APMC Hingna,Maharashtra,Nagpur,Local,3000,4000,3476,08-Sep-26,data.gov.in
Green Chilli,APMC Kamthi,Maharashtra,Nagpur,Local,3000,3500,3350,08-Sep-26,data.gov.in
Pumpkin,APMC Kalmeshwar,Maharashtra,Nagpur,Local,1045,1500,1375,08-Sep-26,data.gov.in
Pumpkin,APMC Hingna,Maharashtra,Nagpur,Local,700,3000,1771,08-Sep-26,data.gov.in
Carrot,APMC Hingna,Maharashtra,Nagpur,Local,3000,3000,3000,08-Sep-26,data.gov.in
Carrot,APMC Nagpur,Maharashtra,Nagpur,Local,1600,2200,2050,08-Sep-26,data.gov.in
Coriander(Leaves),APMC Nagpur,Maharashtra,Nagpur,Local,1500,4000,3375,08-Sep-26,data.gov.in
Coriander(Leaves),APMC Hingna,Maharashtra,Nagpur,Local,1500,5000,3031,08-Sep-26,data.gov.in
Coriander(Leaves),APMC Kalmeshwar,Maharashtra,Nagpur,Local,2060,2500,2340,08-Sep-26,data.gov.in
Bhindi(Ladies Finger),APMC Kalmeshwar,Maharashtra,Nagpur,Local,1530,2000,1850,08-Sep-26,data.gov.in
Garlic,APMC Nagpur,Maharashtra,Nagpur,Local,6000,20000,16500,08-Sep-26,data.gov.in
Brinjal,APMC Kamthi,Maharashtra,Nagpur,Local,2000,2500,2350,08-Sep-26,data.gov.in
Tomato,APMC Kalmeshwar,Maharashtra,Nagpur,Local,1520,2000,1810,08-Sep-26,data.gov.in
Tomato,APMC Hingna,Maharashtra,Nagpur,Local,2000,3250,2500,08-Sep-26,data.gov.in
Tomato,APMC Nagpur,Maharashtra,Nagpur,Local,2000,2700,2525,08-Sep-26,data.gov.in
Onion,APMC Nagpur,Maharashtra,Nagpur,Local,4000,5000,4750,08-Sep-26,data.gov.in
Onion,APMC Hingna,Maharashtra,Nagpur,Local,5000,5000,5000,08-Sep-26,data.gov.in
Potato,APMC Hingna,Maharashtra,Nagpur,Local,1300,1500,1366,08-Sep-26,data.gov.in
Cauliflower,APMC Kalmeshwar,Maharashtra,Nagpur,Local,2065,2500,2335,08-Sep-26,data.gov.in
Cauliflower,APMC Hingna,Maharashtra,Nagpur,Local,500,4000,2700,08-Sep-26,data.gov.in
Cauliflower,APMC Nagpur,Maharashtra,Nagpur,Local,2000,3000,2750,08-Sep-26,data.gov.in
Ginger(Green),APMC Nagpur,Maharashtra,Nagpur,Local,2000,9000,7250,08-Sep-26,data.gov.in
Ginger(Green),APMC Hingna,Maharashtra,Nagpur,Local,7000,15000,10428,08-Sep-26,data.gov.in
Raddish,APMC Hingna,Maharashtra,Nagpur,Local,1300,2500,1825,08-Sep-26,data.gov.in
Raddish,APMC Nagpur,Maharashtra,Nagpur,Local,1000,2000,1750,08-Sep-26,data.gov.in
Drumstick,APMC Hingna,Maharashtra,Nagpur,Local,4000,5000,4333,08-Sep-26,data.gov.in
Drumstick,APMC Nagpur,Maharashtra,Nagpur,Local,3000,4500,4125,08-Sep-26,data.gov.in
Banana,APMC Hingna,Maharashtra,Nagpur,Local,1500,2500,1833,08-Sep-26,data.gov.in
Papaya,APMC Hingna,Maharashtra,Nagpur,Local,800,2500,1650,08-Sep-26,data.gov.in
Grapes,APMC Nagpur,Maharashtra,Nagpur,Local,4000,6000,5500,08-Sep-26,data.gov.in
Mousambi(Sweet Lime),APMC Nagpur,Maharashtra,Nagpur,Local,900,1800,1575,08-Sep-26,data.gov.in
Ridgeguard(Tori),APMC Hingna,Maharashtra,Nagpur,Local,500,3000,1702,08-Sep-26,data.gov.in
Apple,APMC Hingna,Maharashtra,Nagpur,Local,15000,20000,17500,08-Sep-26,data.gov.in
Soyabean,APMC Nagpur,Maharashtra,Nagpur,Local,5200,5600,5500,08-Sep-26,data.gov.in
Pomegranate,APMC Nagpur,Maharashtra,Nagpur,Local,2000,6000,5000,08-Sep-26,data.gov.in
Spinach,APMC Kalmeshwar,Maharashtra,Nagpur,Local,815,1200,1005,08-Sep-26,data.gov.in
Spinach,APMC Hingna,Maharashtra,Nagpur,Local,500,4000,3125,08-Sep-26,data.gov.in
Spinach,APMC Kamthi,Maharashtra,Nagpur,Local,3000,3500,3350,08-Sep-26,data.gov.in
Wheat,APMC Savner,Maharashtra,Nagpur,FAQ,2585,2585,2585,08-Sep-26,data.gov.in
Rice,APMC Nagpur,Maharashtra,Nagpur,Local,3000,3200,3150,08-Sep-26,data.gov.in
Guar,APMC Hingna,Maharashtra,Nagpur,Local,5500,7500,6100,08-Sep-26,data.gov.in
Methi(Leaves),APMC Hingna,Maharashtra,Nagpur,Local,3000,7000,4427,08-Sep-26,data.gov.in
Pointed gourd(Parval),APMC Nagpur,Maharashtra,Nagpur,Local,2500,3000,2875,08-Sep-26,data.gov.in
Chili Red,APMC Nagpur,Maharashtra,Nagpur,Local,14000,18000,17000,08-Sep-26,data.gov.in
Chili Red,APMC Mandhal,Maharashtra,Nagpur,Local,10000,18000,13000,08-Sep-26,data.gov.in
Corriander seed,APMC Nagpur,Maharashtra,Nagpur,Local,12000,13000,12700,08-Sep-26,data.gov.in
Chilly Capsicum,APMC Kamthi,Maharashtra,Nagpur,Local,4000,4500,4350,08-Sep-26,data.gov.in
Chilly Capsicum,APMC Hingna,Maharashtra,Nagpur,Local,2500,3800,3328,08-Sep-26,data.gov.in
Red gram/Arhar/Tur(whole),APMC Katol,Maharashtra,Nagpur,FAQ,8000,8350,8200,08-Sep-26,data.gov.in
Red gram/Arhar/Tur(whole),"M/S Kalpana Agri Commodities Marketing, Nagpur",Maharashtra,Nagpur,Local,8200,8500,8300,08-Sep-26,data.gov.in
Methi(Leaves),APMC Kamthi,Maharashtra,Nagpur,Local,5000,5500,5350,07-Sep-26,data.gov.in
Guar,APMC Hingna,Maharashtra,Nagpur,Local,4000,7000,5543,07-Sep-26,data.gov.in
Wheat,APMC Savner,Maharashtra,Nagpur,Non-FAQ,2548,2584,2575,07-Sep-26,data.gov.in
Little gourd(Kundru),APMC Hingna,Maharashtra,Nagpur,Local,2500,2500,2500,07-Sep-26,data.gov.in
Peas Wet,APMC Hingna,Maharashtra,Nagpur,Local,5000,12000,8833,07-Sep-26,data.gov.in
Soyabean,APMC Katol,Maharashtra,Nagpur,FAQ,5330,5680,5450,07-Sep-26,data.gov.in
Soyabean,APMC Savner,Maharashtra,Nagpur,FAQ,5400,5400,5400,07-Sep-26,data.gov.in
Pineapple,APMC Nagpur,Maharashtra,Nagpur,Local,1000,3000,2500,07-Sep-26,data.gov.in
Beetroot,APMC Hingna,Maharashtra,Nagpur,Local,2500,3000,2833,07-Sep-26,data.gov.in
Banana,APMC Hingna,Maharashtra,Nagpur,Local,2000,2000,2000,07-Sep-26,data.gov.in
Lime,APMC Hingna,Maharashtra,Nagpur,Local,3500,10000,7346,07-Sep-26,data.gov.in
Raddish,APMC Hingna,Maharashtra,Nagpur,Local,700,2500,1657,07-Sep-26,data.gov.in
Cauliflower,APMC Hingna,Maharashtra,Nagpur,Local,800,4000,2602,07-Sep-26,data.gov.in
Onion,APMC Hingna,Maharashtra,Nagpur,Local,5000,5000,5000,07-Sep-26,data.gov.in
Bitter gourd,APMC Hingna,Maharashtra,Nagpur,Local,2200,3500,2912,07-Sep-26,data.gov.in
Bottle gourd,APMC Kamthi,Maharashtra,Nagpur,Local,1500,2000,1750,07-Sep-26,data.gov.in
Brinjal,APMC Hingna,Maharashtra,Nagpur,Local,500,3000,1890,07-Sep-26,data.gov.in
Garlic,APMC Hingna,Maharashtra,Nagpur,Local,15000,20000,17500,07-Sep-26,data.gov.in
Coriander(Leaves),APMC Hingna,Maharashtra,Nagpur,Local,1200,6000,3638,07-Sep-26,data.gov.in
Coriander(Leaves),APMC Kamthi,Maharashtra,Nagpur,Local,3000,3500,3350,07-Sep-26,data.gov.in
Pumpkin,APMC Kamthi,Maharashtra,Nagpur,Local,1500,2000,1750,07-Sep-26,data.gov.in
Green Chilli,APMC Kamthi,Maharashtra,Nagpur,Local,3000,3500,3350,07-Sep-26,data.gov.in
Cabbage,APMC Hingna,Maharashtra,Nagpur,Local,1300,2000,1630,07-Sep-26,data.gov.in
Cabbage,APMC Kamthi,Maharashtra,Nagpur,Local,2000,2500,2350,07-Sep-26,data.gov.in
Bengal Gram(Gram)(Whole),"M/S Kalpana Agri Commodities Marketing, Nagpur",Maharashtra,Nagpur,Local,6250,6250,6250,07-Sep-26,data.gov.in
Cucumbar(Kheera),APMC Kamthi,Maharashtra,Nagpur,Local,2000,2500,2350,07-Sep-26,data.gov.in
Cucumbar(Kheera),APMC Hingna,Maharashtra,Nagpur,Local,500,2500,1475,07-Sep-26,data.gov.in
Red gram/Arhar/Tur(whole),"M/S Kalpana Agri Commodities Marketing, Nagpur",Maharashtra,Nagpur,Local,8151,8151,8151,07-Sep-26,data.gov.in
Red gram/Arhar/Tur(whole),APMC Savner,Maharashtra,Nagpur,FAQ,8525,8640,8600,07-Sep-26,data.gov.in
Bengal Gram(Gram)(Whole),APMC Katol,Maharashtra,Nagpur,FAQ,5880,6350,6200,06-Sep-26,data.gov.in
Soyabean,APMC Katol,Maharashtra,Nagpur,Non-FAQ,3500,5300,5250,06-Sep-26,data.gov.in
Wheat,APMC Katol,Maharashtra,Nagpur,FAQ,2621,2640,2635,06-Sep-26,data.gov.in
Red gram/Arhar/Tur(whole),APMC Katol,Maharashtra,Nagpur,FAQ,8080,8100,8100,06-Sep-26,data.gov.in
Wheat,APMC Nagpur,Maharashtra,Nagpur,FAQ,3200,3500,3425,05-Sep-26,data.gov.in
Spinach,APMC Kamthi,Maharashtra,Nagpur,Local,2000,2500,2350,05-Sep-26,data.gov.in
Guar,APMC Hingna,Maharashtra,Nagpur,Local,2000,7000,4363,05-Sep-26,data.gov.in
Guar,APMC Nagpur,Maharashtra,Nagpur,Local,3000,7000,6000,05-Sep-26,data.gov.in
Rice,APMC Nagpur,Maharashtra,Nagpur,Local,6200,6500,6425,05-Sep-26,data.gov.in
Apple,APMC Nagpur,Maharashtra,Nagpur,Local,11000,13000,12500,05-Sep-26,data.gov.in
Little gourd(Kundru),APMC Nagpur,Maharashtra,Nagpur,Local,2000,3500,3125,05-Sep-26,data.gov.in
Pomegranate,APMC Nagpur,Maharashtra,Nagpur,Local,2000,6000,5000,05-Sep-26,data.gov.in
Spinach,APMC Kalmeshwar,Maharashtra,Nagpur,Local,615,1000,805,05-Sep-26,data.gov.in
Onion,APMC Hingna,Maharashtra,Nagpur,Local,4500,5000,4750,05-Sep-26,data.gov.in
Onion,APMC Nagpur,Maharashtra,Nagpur,Local,4000,5000,4750,05-Sep-26,data.gov.in
Onion,APMC Ramtek,Maharashtra,Nagpur,Local,3000,4000,3500,05-Sep-26,data.gov.in
Potato,APMC Nagpur,Maharashtra,Nagpur,Local,800,1100,1025,05-Sep-26,data.gov.in
Potato,APMC Hingna,Maharashtra,Nagpur,Local,1300,1500,1366,05-Sep-26,data.gov.in
Potato,APMC Ramtek,Maharashtra,Nagpur,Local,1000,1500,1300,05-Sep-26,data.gov.in
Cauliflower,APMC Kamthi,Maharashtra,Nagpur,Local,3000,3500,3350,05-Sep-26,data.gov.in
Cauliflower,APMC Ramtek,Maharashtra,Nagpur,Local,1000,2000,1500,05-Sep-26,data.gov.in
Ginger(Green),APMC Nagpur,Maharashtra,Nagpur,Local,2000,9000,7250,05-Sep-26,data.gov.in
Ginger(Green),APMC Hingna,Maharashtra,Nagpur,Local,7000,15000,9357,05-Sep-26,data.gov.in
Raddish,APMC Nagpur,Maharashtra,Nagpur,Local,2000,3000,2750,05-Sep-26,data.gov.in
Raddish,APMC Hingna,Maharashtra,Nagpur,Local,500,2500,1656,05-Sep-26,data.gov.in
Banana,APMC Hingna,Maharashtra,Nagpur,Local,1500,2000,1750,05-Sep-26,data.gov.in
Beetroot,APMC Nagpur,Maharashtra,Nagpur,Local,2500,2700,2650,05-Sep-26,data.gov.in
Pineapple,APMC Nagpur,Maharashtra,Nagpur,Local,1000,3000,2500,05-Sep-26,data.gov.in
Ridgeguard(Tori),APMC Hingna,Maharashtra,Nagpur,Local,500,2500,1433,05-Sep-26,data.gov.in
Mousambi(Sweet Lime),APMC Nagpur,Maharashtra,Nagpur,Local,900,1800,1575,05-Sep-26,data.gov.in
Cucumbar(Kheera),APMC Hingna,Maharashtra,Nagpur,Local,500,2000,1264,05-Sep-26,data.gov.in
Cucumbar(Kheera),APMC Nagpur,Maharashtra,Nagpur,Local,1000,1500,1375,05-Sep-26,data.gov.in
Cabbage,APMC Kamthi,Maharashtra,Nagpur,Local,2000,2500,2350,05-Sep-26,data.gov.in
Cabbage,APMC Hingna,Maharashtra,Nagpur,Local,1200,2000,1550,05-Sep-26,data.gov.in
Cabbage,APMC Nagpur,Maharashtra,Nagpur,Local,1500,1700,1650,05-Sep-26,data.gov.in
Green Chilli,APMC Kalmeshwar,Maharashtra,Nagpur,Local,302,3500,3315,05-Sep-26,data.gov.in
Green Chilli,APMC Kamthi,Maharashtra,Nagpur,Local,3000,3500,3350,05-Sep-26,data.gov.in
Green Chilli,APMC Ramtek,Maharashtra,Nagpur,Local,1500,3000,2500,05-Sep-26,data.gov.in
Pumpkin,APMC Nagpur,Maharashtra,Nagpur,Local,1000,1200,1150,05-Sep-26,data.gov.in
Pumpkin,APMC Hingna,Maharashtra,Nagpur,Local,1000,2000,1525,05-Sep-26,data.gov.in
Carrot,APMC Hingna,Maharashtra,Nagpur,Local,2800,3000,2900,05-Sep-26,data.gov.in
Coriander(Leaves),APMC Ramtek,Maharashtra,Nagpur,Local,2000,3000,2500,05-Sep-26,data.gov.in
Coriander(Leaves),APMC Kamthi,Maharashtra,Nagpur,Local,2500,3000,2750,05-Sep-26,data.gov.in
Coriander(Leaves),APMC Kalmeshwar,Maharashtra,Nagpur,Local,1530,2000,1850,05-Sep-26,data.gov.in
Coriander(Leaves),APMC Hingna,Maharashtra,Nagpur,Local,900,5000,2935,05-Sep-26,data.gov.in
Coriander(Leaves),APMC Nagpur,Maharashtra,Nagpur,Local,2000,5000,4250,05-Sep-26,data.gov.in
Bhindi(Ladies Finger),APMC Kalmeshwar,Maharashtra,Nagpur,Local,1065,1500,1345,05-Sep-26,data.gov.in
Bhindi(Ladies Finger),APMC Ramtek,Maharashtra,Nagpur,Local,1500,2500,2000,05-Sep-26,data.gov.in
Bhindi(Ladies Finger),APMC Hingna,Maharashtra,Nagpur,Local,500,2000,1322,05-Sep-26,data.gov.in
Garlic,APMC Nagpur,Maharashtra,Nagpur,Local,6000,20000,16500,05-Sep-26,data.gov.in
Brinjal,APMC Kamthi,Maharashtra,Nagpur,Local,2500,3000,2750,05-Sep-26,data.gov.in
Brinjal,APMC Kalmeshwar,Maharashtra,Nagpur,Local,1520,2000,1810,05-Sep-26,data.gov.in
Brinjal,APMC Ramtek,Maharashtra,Nagpur,Local,1000,2000,1500,05-Sep-26,data.gov.in
Brinjal,APMC Hingna,Maharashtra,Nagpur,Local,500,4000,1578,05-Sep-26,data.gov.in
Bottle gourd,APMC Nagpur,Maharashtra,Nagpur,Local,500,800,725,05-Sep-26,data.gov.in
Bitter gourd,APMC Nagpur,Maharashtra,Nagpur,Local,2000,3000,2750,05-Sep-26,data.gov.in
Bitter gourd,APMC Ramtek,Maharashtra,Nagpur,Local,1500,2500,2000,05-Sep-26,data.gov.in
Tomato,APMC Kamthi,Maharashtra,Nagpur,Local,2000,2500,2350,05-Sep-26,data.gov.in
Tomato,APMC Hingna,Maharashtra,Nagpur,Local,1000,2750,1958,05-Sep-26,data.gov.in
Tomato,APMC Nagpur,Maharashtra,Nagpur,Local,1000,1500,1375,05-Sep-26,data.gov.in
Tomato,APMC Nagpur,Maharashtra,Nagpur,Local,2000,3000,2750,05-Sep-26,data.gov.in
Methi(Leaves),APMC Hingna,Maharashtra,Nagpur,Local,3000,5000,4200,05-Sep-26,data.gov.in
Chilly Capsicum,APMC Hingna,Maharashtra,Nagpur,Local,1500,3000,2600,05-Sep-26,data.gov.in
Tomato,APMC Hingna,Maharashtra,Nagpur,Local,2000,2500,2166,03-Sep-26,data.gov.in
Tomato,APMC Ramtek,Maharashtra,Nagpur,Local,1500,2500,2000,03-Sep-26,data.gov.in
Tomato,APMC Kalmeshwar,Maharashtra,Nagpur,Local,2025,2500,2315,03-Sep-26,data.gov.in
Bitter gourd,APMC Hingna,Maharashtra,Nagpur,Local,2000,3000,2552,03-Sep-26,data.gov.in
Bitter gourd,APMC Kamthi,Maharashtra,Nagpur,Local,2000,2500,2350,03-Sep-26,data.gov.in
Bottle gourd,APMC Hingna,Maharashtra,Nagpur,Local,500,2000,1040,03-Sep-26,data.gov.in
Brinjal,APMC Hingna,Maharashtra,Nagpur,Local,1250,3000,2142,03-Sep-26,data.gov.in
Brinjal,APMC Ramtek,Maharashtra,Nagpur,Local,1000,2000,1500,03-Sep-26,data.gov.in
Brinjal,APMC Kalmeshwar,Maharashtra,Nagpur,Local,2030,2500,2350,03-Sep-26,data.gov.in
Brinjal,APMC Kamthi,Maharashtra,Nagpur,Local,2000,2500,2450,03-Sep-26,data.gov.in
Bhindi(Ladies Finger),APMC Kalmeshwar,Maharashtra,Nagpur,Local,1545,2000,1825,03-Sep-26,data.gov.in
Bhindi(Ladies Finger),APMC Hingna,Maharashtra,Nagpur,Local,500,2500,1543,03-Sep-26,data.gov.in
Coriander(Leaves),APMC Kalmeshwar,Maharashtra,Nagpur,Local,1535,2000,1855,03-Sep-26,data.gov.in
Pumpkin,APMC Hingna,Maharashtra,Nagpur,Local,1500,2500,1950,03-Sep-26,data.gov.in
Pumpkin,APMC Kalmeshwar,Maharashtra,Nagpur,Local,850,1200,1020,03-Sep-26,data.gov.in
Green Chilli,APMC Ramtek,Maharashtra,Nagpur,Local,2000,3000,2500,03-Sep-26,data.gov.in
Green Chilli,APMC Kalmeshwar,Maharashtra,Nagpur,Local,3020,3500,3340,03-Sep-26,data.gov.in
Cabbage,APMC Hingna,Maharashtra,Nagpur,Local,1300,1500,1400,03-Sep-26,data.gov.in
Cabbage,APMC Kalmeshwar,Maharashtra,Nagpur,Local,1015,1500,1305,03-Sep-26,data.gov.in
Cabbage,APMC Kamthi,Maharashtra,Nagpur,Local,2000,2500,2350,03-Sep-26,data.gov.in
Cucumbar(Kheera),APMC Kamthi,Maharashtra,Nagpur,Local,2000,2500,2350,03-Sep-26,data.gov.in
Cucumbar(Kheera),APMC Hingna,Maharashtra,Nagpur,Local,500,2000,1320,03-Sep-26,data.gov.in
Bengal Gram(Gram)(Whole),APMC Savner,Maharashtra,Nagpur,Non-FAQ,5000,5000,5000,03-Sep-26,data.gov.in
Bengal Gram(Gram)(Whole),APMC Katol,Maharashtra,Nagpur,FAQ,6191,6257,6200,03-Sep-26,data.gov.in
Mousambi(Sweet Lime),APMC Nagpur,Maharashtra,Nagpur,Local,900,1800,1575,03-Sep-26,data.gov.in
Ridgeguard(Tori),APMC Ramtek,Maharashtra,Nagpur,Local,1000,2000,1500,03-Sep-26,data.gov.in
Drumstick,APMC Hingna,Maharashtra,Nagpur,Local,3000,3500,3166,03-Sep-26,data.gov.in
Lime,APMC Hingna,Maharashtra,Nagpur,Local,5000,6000,5333,03-Sep-26,data.gov.in
Raddish,APMC Hingna,Maharashtra,Nagpur,Local,2000,2200,2100,03-Sep-26,data.gov.in
Raddish,APMC Kalmeshwar,Maharashtra,Nagpur,Local,1030,1500,1360,03-Sep-26,data.gov.in
Cauliflower,APMC Kamthi,Maharashtra,Nagpur,Local,4000,4500,4350,03-Sep-26,data.gov.in
Cauliflower,APMC Kalmeshwar,Maharashtra,Nagpur,Local,2065,2500,2335,03-Sep-26,data.gov.in
Potato,APMC Ramtek,Maharashtra,Nagpur,Local,1500,2500,2000,03-Sep-26,data.gov.in
Potato,APMC Kamthi,Maharashtra,Nagpur,Local,2000,2500,2350,03-Sep-26,data.gov.in
Onion,APMC Hingna,Maharashtra,Nagpur,Local,2600,5000,4033,03-Sep-26,data.gov.in
Onion,APMC Ramtek,Maharashtra,Nagpur,Local,3000,4000,3500,03-Sep-26,data.gov.in
Spinach,APMC Kamthi,Maharashtra,Nagpur,Local,2000,2500,2350,03-Sep-26,data.gov.in
Spinach,APMC Hingna,Maharashtra,Nagpur,Local,800,3500,2490,03-Sep-26,data.gov.in
Apple,APMC Nagpur,Maharashtra,Nagpur,Local,11000,13000,12500,03-Sep-26,data.gov.in
Groundnut,APMC Katol,Maharashtra,Nagpur,FAQ,7350,7500,7450,03-Sep-26,data.gov.in
Wheat,APMC Nagpur,Maharashtra,Nagpur,FAQ,2600,2736,2702,03-Sep-26,data.gov.in
Wheat,APMC Umared,Maharashtra,Nagpur,Non-FAQ,2450,2550,2500,03-Sep-26,data.gov.in
Chilly Capsicum,APMC Kamthi,Maharashtra,Nagpur,Local,4000,4500,4350,03-Sep-26,data.gov.in
Red gram/Arhar/Tur(whole),APMC Nagpur,Maharashtra,Nagpur,FAQ,8000,8200,8150,03-Sep-26,data.gov.in
Corriander seed,APMC Umared,Maharashtra,Nagpur,Local,13000,15520,14250,03-Sep-26,data.gov.in
Wheat,Agriculture Produce Market Committee Katol,Maharashtra,Nagpur,FAQ,2620,2620,2620,02-Sep-26,data.gov.in
Wheat,Savner APMC,Maharashtra,Nagpur,Non-FAQ,2527,2574,2574,02-Sep-26,data.gov.in
Apple,Nagpur APMC,Maharashtra,Nagpur,Local,11000,13000,12500,02-Sep-26,data.gov.in
Orange,Nagpur APMC,Maharashtra,Nagpur,Local,2000,4000,3500,02-Sep-26,data.gov.in
Soyabean,Agriculture Produce Market Committee Katol,Maharashtra,Nagpur,FAQ,5500,5500,5500,02-Sep-26,data.gov.in
Spinach,Kamthi APMC,Maharashtra,Nagpur,Local,2000,2500,2350,02-Sep-26,data.gov.in
Spinach,Kalmeshwar APMC,Maharashtra,Nagpur,Local,1005,1500,1315,02-Sep-26,data.gov.in
Pomegranate,HINGNA - APMC,Maharashtra,Nagpur,Local,5000,10000,7500,02-Sep-26,data.gov.in
Pomegranate,Nagpur APMC,Maharashtra,Nagpur,Local,2000,6000,5000,02-Sep-26,data.gov.in
Potato,Nagpur APMC,Maharashtra,Nagpur,Local,800,1100,1025,02-Sep-26,data.gov.in
Onion,Nagpur APMC,Maharashtra,Nagpur,Local,4500,5000,4875,02-Sep-26,data.gov.in
Onion,HINGNA - APMC,Maharashtra,Nagpur,Local,5000,5000,5000,02-Sep-26,data.gov.in
Potato,HINGNA - APMC,Maharashtra,Nagpur,Local,1300,1500,1400,02-Sep-26,data.gov.in
Cauliflower,Kamthi APMC,Maharashtra,Nagpur,Local,3000,3500,3250,02-Sep-26,data.gov.in
Potato,Kamthi APMC,Maharashtra,Nagpur,Local,2000,2500,2430,02-Sep-26,data.gov.in
Ginger(Green),Nagpur APMC,Maharashtra,Nagpur,Local,2000,10000,8000,02-Sep-26,data.gov.in
Ginger(Green),HINGNA - APMC,Maharashtra,Nagpur,Local,7000,15000,11000,02-Sep-26,data.gov.in
Raddish,Kalmeshwar APMC,Maharashtra,Nagpur,Local,845,1200,1055,02-Sep-26,data.gov.in
Banana,HINGNA - APMC,Maharashtra,Nagpur,Local,1500,2000,1750,02-Sep-26,data.gov.in
Mousambi(Sweet Lime),Nagpur APMC,Maharashtra,Nagpur,Local,900,1800,1575,02-Sep-26,data.gov.in
Pineapple,Nagpur APMC,Maharashtra,Nagpur,Local,1000,3000,2500,02-Sep-26,data.gov.in
Papaya,HINGNA - APMC,Maharashtra,Nagpur,Local,1500,4000,2760,02-Sep-26,data.gov.in
Cucumbar(Kheera),Nagpur APMC,Maharashtra,Nagpur,Local,1000,1500,1375,02-Sep-26,data.gov.in
Cucumbar(Kheera),Kalmeshwar APMC,Maharashtra,Nagpur,Local,650,1000,810,02-Sep-26,data.gov.in
Cabbage,Nagpur APMC,Maharashtra,Nagpur,Local,1000,1200,1150,02-Sep-26,data.gov.in
Bengal Gram(Gram)(Whole),Savner APMC,Maharashtra,Nagpur,Non-FAQ,5802,5802,5802,02-Sep-26,data.gov.in
Bengal Gram(Gram)(Whole),Agriculture Produce Market Committee Katol,Maharashtra,Nagpur,FAQ,6000,6220,6150,02-Sep-26,data.gov.in
Cabbage,Kamthi APMC,Maharashtra,Nagpur,Local,2000,2500,2350,02-Sep-26,data.gov.in
Pumpkin,Nagpur APMC,Maharashtra,Nagpur,Local,1000,1200,1150,02-Sep-26,data.gov.in
Green Chilli,Kalmeshwar APMC,Maharashtra,Nagpur,Local,3065,3500,3335,02-Sep-26,data.gov.in
Green Chilli,Nagpur APMC,Maharashtra,Nagpur,Local,1500,2200,2025,02-Sep-26,data.gov.in
Green Chilli,Kamthi APMC,Maharashtra,Nagpur,Local,3000,3500,3350,02-Sep-26,data.gov.in
Carrot,Nagpur APMC,Maharashtra,Nagpur,Local,2000,2200,2150,02-Sep-26,data.gov.in
Carrot,Kamthi APMC,Maharashtra,Nagpur,Local,2500,3000,2750,02-Sep-26,data.gov.in
Coriander(Leaves),Nagpur APMC,Maharashtra,Nagpur,Local,700,3000,2425,02-Sep-26,data.gov.in
Coriander(Leaves),Kalmeshwar APMC,Maharashtra,Nagpur,Local,1540,2000,1860,02-Sep-26,data.gov.in
Garlic,Nagpur APMC,Maharashtra,Nagpur,Local,6000,20000,16500,02-Sep-26,data.gov.in
Brinjal,Nagpur APMC,Maharashtra,Nagpur,Local,2000,2500,2375,02-Sep-26,data.gov.in
Brinjal,Kamthi APMC,Maharashtra,Nagpur,Local,2000,2500,2350,02-Sep-26,data.gov.in
Tomato,Kamthi APMC,Maharashtra,Nagpur,Local,2000,2500,2350,02-Sep-26,data.gov.in
Tomato,Kalmeshwar APMC,Maharashtra,Nagpur,Local,2010,2500,2320,02-Sep-26,data.gov.in
Onion,Kamthi APMC,Maharashtra,Nagpur,Local,4000,4500,4350,02-Sep-26,data.gov.in
Tomato,Nagpur APMC,Maharashtra,Nagpur,Local,2000,2500,2375,02-Sep-26,data.gov.in
Tomato,Nagpur APMC,Maharashtra,Nagpur,Local,1200,2000,1800,02-Sep-26,data.gov.in
Chilly Capsicum,Kamthi APMC,Maharashtra,Nagpur,Local,4000,4500,4350,02-Sep-26,data.gov.in
Tomato,Nagpur APMC,Maharashtra,Nagpur,Local,2000,2500,2375,01-Sep-26,data.gov.in
Tomato,HINGNA - APMC,Maharashtra,Nagpur,Local,1500,3250,2308,01-Sep-26,data.gov.in
Onion,Kamthi APMC,Maharashtra,Nagpur,Local,4000,4500,4450,01-Sep-26,data.gov.in
Bitter gourd,Ramtek APMC,Maharashtra,Nagpur,Local,1500,2500,2000,01-Sep-26,data.gov.in
Bottle gourd,HINGNA - APMC,Maharashtra,Nagpur,Local,500,2000,946,01-Sep-26,data.gov.in
Brinjal,Kamthi APMC,Maharashtra,Nagpur,Local,2000,2500,2450,01-Sep-26,data.gov.in
Bottle gourd,Nagpur APMC,Maharashtra,Nagpur,Local,500,1000,875,01-Sep-26,data.gov.in
Brinjal,Kalmeshwar APMC,Maharashtra,Nagpur,Local,1510,2000,1820,01-Sep-26,data.gov.in
Garlic,Nagpur APMC,Maharashtra,Nagpur,Local,6000,20000,16500,01-Sep-26,data.gov.in
Bhindi(Ladies Finger),HINGNA - APMC,Maharashtra,Nagpur,Local,500,3500,2087,01-Sep-26,data.gov.in
Bhindi(Ladies Finger),Ramtek APMC,Maharashtra,Nagpur,Local,1000,2500,2000,01-Sep-26,data.gov.in
Bhindi(Ladies Finger),Nagpur APMC,Maharashtra,Nagpur,Local,1500,2500,2250,01-Sep-26,data.gov.in
Coriander(Leaves),HINGNA - APMC,Maharashtra,Nagpur,Local,400,3000,1785,01-Sep-26,data.gov.in
Coriander(Leaves),Kamthi APMC,Maharashtra,Nagpur,Local,3000,3500,3350,01-Sep-26,data.gov.in
Coriander(Leaves),Nagpur APMC,Maharashtra,Nagpur,Local,1500,2500,2250,01-Sep-26,data.gov.in
Carrot,Nagpur APMC,Maharashtra,Nagpur,Local,2000,2200,2150,01-Sep-26,data.gov.in
Pumpkin,HINGNA - APMC,Maharashtra,Nagpur,Local,1500,2500,2000,01-Sep-26,data.gov.in
Green Chilli,Kalmeshwar APMC,Maharashtra,Nagpur,Local,3040,3500,3360,01-Sep-26,data.gov.in
Pumpkin,Kalmeshwar APMC,Maharashtra,Nagpur,Local,820,1200,1050,01-Sep-26,data.gov.in
Pumpkin,Nagpur APMC,Maharashtra,Nagpur,Local,800,900,875,01-Sep-26,data.gov.in
Green Chilli,Ramtek APMC,Maharashtra,Nagpur,Local,2000,3000,2500,01-Sep-26,data.gov.in
Green Chilli,Kamthi APMC,Maharashtra,Nagpur,Local,3000,3500,3350,01-Sep-26,data.gov.in
Green Chilli,HINGNA - APMC,Maharashtra,Nagpur,Local,3000,4500,3742,01-Sep-26,data.gov.in
Cabbage,Kamthi APMC,Maharashtra,Nagpur,Local,2000,2500,2350,01-Sep-26,data.gov.in
Bengal Gram(Gram)(Whole),Savner APMC,Maharashtra,Nagpur,Non-FAQ,5800,5800,5800,01-Sep-26,data.gov.in
Cabbage,Nagpur APMC,Maharashtra,Nagpur,Local,1200,1500,1425,01-Sep-26,data.gov.in
Cabbage,Kalmeshwar APMC,Maharashtra,Nagpur,Local,1030,1500,1310,01-Sep-26,data.gov.in
Cucumbar(Kheera),Kalmeshwar APMC,Maharashtra,Nagpur,Local,675,1000,835,01-Sep-26,data.gov.in
Cucumbar(Kheera),Kamthi APMC,Maharashtra,Nagpur,Local,1500,2000,1750,01-Sep-26,data.gov.in
Cucumbar(Kheera),HINGNA - APMC,Maharashtra,Nagpur,Local,250,2000,1088,01-Sep-26,data.gov.in
Bengal Gram(Gram)(Whole),Nagpur APMC,Maharashtra,Nagpur,FAQ,5875,6168,6094,01-Sep-26,data.gov.in
Chikoos(Sapota),Nagpur APMC,Maharashtra,Nagpur,Local,1000,3000,2500,01-Sep-26,data.gov.in
Beetroot,HINGNA - APMC,Maharashtra,Nagpur,Local,2000,2500,2250,01-Sep-26,data.gov.in
Ridgeguard(Tori),HINGNA - APMC,Maharashtra,Nagpur,Local,250,3000,2206,01-Sep-26,data.gov.in
Drumstick,Nagpur APMC,Maharashtra,Nagpur,Local,3000,4000,3750,01-Sep-26,data.gov.in
Lime,HINGNA - APMC,Maharashtra,Nagpur,Local,4500,9000,6375,01-Sep-26,data.gov.in
Raddish,HINGNA - APMC,Maharashtra,Nagpur,Local,1000,2000,1541,01-Sep-26,data.gov.in
Raddish,Nagpur APMC,Maharashtra,Nagpur,Local,1000,2000,1750,01-Sep-26,data.gov.in
Lime,Nagpur APMC,Maharashtra,Nagpur,Local,7000,7500,7375,01-Sep-26,data.gov.in
Raddish,Kalmeshwar APMC,Maharashtra,Nagpur,Local,1060,1500,1340,01-Sep-26,data.gov.in
Raddish,Kamthi APMC,Maharashtra,Nagpur,Local,2000,2500,2350,01-Sep-26,data.gov.in
Ginger(Green),Nagpur APMC,Maharashtra,Nagpur,Local,2000,10000,8000,01-Sep-26,data.gov.in
Cauliflower,Nagpur APMC,Maharashtra,Nagpur,Local,1000,3000,2500,01-Sep-26,data.gov.in
Cauliflower,Kalmeshwar APMC,Maharashtra,Nagpur,Local,2065,2500,2345,01-Sep-26,data.gov.in
Potato,Kamthi APMC,Maharashtra,Nagpur,Local,2000,2500,2350,01-Sep-26,data.gov.in
Potato,HINGNA - APMC,Maharashtra,Nagpur,Local,1300,1500,1400,01-Sep-26,data.gov.in
Onion,HINGNA - APMC,Maharashtra,Nagpur,Local,2500,5000,3833,01-Sep-26,data.gov.in
Onion,Ramtek APMC,Maharashtra,Nagpur,Local,3000,4000,3500,01-Sep-26,data.gov.in
Onion,Nagpur APMC,Maharashtra,Nagpur,Local,4500,5000,4875,01-Sep-26,data.gov.in
Pomegranate,HINGNA - APMC,Maharashtra,Nagpur,Local,5000,10000,7500,01-Sep-26,data.gov.in
Spinach,Kalmeshwar APMC,Maharashtra,Nagpur,Local,1545,2000,1855,01-Sep-26,data.gov.in
Pomegranate,Nagpur APMC,Maharashtra,Nagpur,Local,2000,6000,5000,01-Sep-26,data.gov.in
Soyabean,Nagpur APMC,Maharashtra,Nagpur,Local,5300,5500,5450,01-Sep-26,data.gov.in
Apple,Nagpur APMC,Maharashtra,Nagpur,Local,11000,13000,12500,01-Sep-26,data.gov.in
Apple,HINGNA - APMC,Maharashtra,Nagpur,Local,10000,10000,10000,01-Sep-26,data.gov.in
Maize,Nagpur APMC,Maharashtra,Nagpur,Non-FAQ,2100,2300,2250,01-Sep-26,data.gov.in
Maize,Savner APMC,Maharashtra,Nagpur,Non-FAQ,2150,2150,2150,01-Sep-26,data.gov.in
Wheat,Nagpur APMC,Maharashtra,Nagpur,FAQ,3200,3500,3425,01-Sep-26,data.gov.in
Methi(Leaves),HINGNA - APMC,Maharashtra,Nagpur,Local,4000,7000,4888,01-Sep-26,data.gov.in
Chilly Capsicum,Nagpur APMC,Maharashtra,Nagpur,Local,1500,2500,2250,01-Sep-26,data.gov.in
Chili Red,Nagpur APMC,Maharashtra,Nagpur,Local,14000,18000,17000,01-Sep-26,data.gov.in
Red gram/Arhar/Tur(whole),"M/S Kalpana Agri Commodities Marketing, Nagpur",Maharashtra,Nagpur,Local,7800,8200,8100,01-Sep-26,data.gov.in
Red gram/Arhar/Tur(whole),Nagpur APMC,Maharashtra,Nagpur,Non-FAQ,7400,7999,7849,01-Sep-26,data.gov.in
Red gram/Arhar/Tur(whole),Savner APMC,Maharashtra,Nagpur,FAQ,8000,8165,8050,01-Sep-26,data.gov.in
Methi(Leaves),HINGNA - APMC,Maharashtra,Nagpur,Local,4000,7500,5375,31-Aug-26,data.gov.in
Methi(Leaves),Nagpur APMC,Maharashtra,Nagpur,Local,3000,4000,3750,31-Aug-26,data.gov.in
Wheat,Nagpur APMC,Maharashtra,Nagpur,FAQ,3200,3500,3425,31-Aug-26,data.gov.in
Maize,Nagpur APMC,Maharashtra,Nagpur,Non-FAQ,2050,2250,2200,31-Aug-26,data.gov.in
Wheat,Savner APMC,Maharashtra,Nagpur,Non-FAQ,2500,2555,2540,31-Aug-26,data.gov.in
Wheat,Agriculture Produce Market Committee Katol,Maharashtra,Nagpur,FAQ,2680,2680,2680,31-Aug-26,data.gov.in
Guar,Nagpur APMC,Maharashtra,Nagpur,Local,2000,6000,5000,31-Aug-26,data.gov.in
Apple,HINGNA - APMC,Maharashtra,Nagpur,Local,10000,10000,10000,31-Aug-26,data.gov.in
Soyabean,Nagpur APMC,Maharashtra,Nagpur,Local,5000,5200,5150,31-Aug-26,data.gov.in
Pomegranate,Nagpur APMC,Maharashtra,Nagpur,Local,2000,6000,5000,31-Aug-26,data.gov.in
Pomegranate,HINGNA - APMC,Maharashtra,Nagpur,Local,5000,10000,8750,31-Aug-26,data.gov.in
Little gourd(Kundru),Nagpur APMC,Maharashtra,Nagpur,Local,2000,3000,2750,31-Aug-26,data.gov.in
Spinach,Nagpur APMC,Maharashtra,Nagpur,Local,2000,2500,2375,31-Aug-26,data.gov.in
Onion,Nagpur APMC,Maharashtra,Nagpur,Local,3500,4000,3875,31-Aug-26,data.gov.in
Onion,HINGNA - APMC,Maharashtra,Nagpur,Local,4500,5000,4750,31-Aug-26,data.gov.in
Potato,Nagpur APMC,Maharashtra,Nagpur,Local,800,1100,1025,31-Aug-26,data.gov.in
Cauliflower,Kamthi APMC,Maharashtra,Nagpur,Local,3000,3500,3350,31-Aug-26,data.gov.in
Potato,HINGNA - APMC,Maharashtra,Nagpur,Local,1300,1500,1375,31-Aug-26,data.gov.in
Cauliflower,Nagpur APMC,Maharashtra,Nagpur,Local,500,3000,2375,31-Aug-26,data.gov.in
Ginger(Green),Nagpur APMC,Maharashtra,Nagpur,Local,2000,10000,8000,31-Aug-26,data.gov.in
Ginger(Green),HINGNA - APMC,Maharashtra,Nagpur,Local,7000,10000,8125,31-Aug-26,data.gov.in
Raddish,Nagpur APMC,Maharashtra,Nagpur,Local,2000,2500,2375,31-Aug-26,data.gov.in
Drumstick,Nagpur APMC,Maharashtra,Nagpur,Local,3000,3500,3375,31-Aug-26,data.gov.in
Banana,HINGNA - APMC,Maharashtra,Nagpur,Local,1600,2000,1800,31-Aug-26,data.gov.in
Apple,Nagpur APMC,Maharashtra,Nagpur,Local,11000,13000,12500,31-Aug-26,data.gov.in
Apple,Nagpur APMC,Maharashtra,Nagpur,Local,6000,7000,6750,31-Aug-26,data.gov.in
Pineapple,Nagpur APMC,Maharashtra,Nagpur,Local,1000,3000,2500,31-Aug-26,data.gov.in
Mousambi(Sweet Lime),Nagpur APMC,Maharashtra,Nagpur,Local,900,1800,1575,31-Aug-26,data.gov.in
Beetroot,Nagpur APMC,Maharashtra,Nagpur,Local,2000,2500,2375,31-Aug-26,data.gov.in
Grapes,Nagpur APMC,Maharashtra,Nagpur,Local,4000,6000,5500,31-Aug-26,data.gov.in
Bengal Gram(Gram)(Whole),Nagpur APMC,Maharashtra,Nagpur,FAQ,5875,6190,6111,31-Aug-26,data.gov.in
Cucumbar(Kheera),HINGNA - APMC,Maharashtra,Nagpur,Local,500,2000,1100,31-Aug-26,data.gov.in
Cabbage,HINGNA - APMC,Maharashtra,Nagpur,Local,1300,2000,1562,31-Aug-26,data.gov.in
Bengal Gram(Gram)(Whole),Agriculture Produce Market Committee Katol,Maharashtra,Nagpur,FAQ,5900,6300,6100,31-Aug-26,data.gov.in
Pumpkin,Nagpur APMC,Maharashtra,Nagpur,Local,800,1200,1100,31-Aug-26,data.gov.in
Carrot,Nagpur APMC,Maharashtra,Nagpur,Local,1500,2000,1875,31-Aug-26,data.gov.in
Coriander(Leaves),Nagpur APMC,Maharashtra,Nagpur,Local,1500,2000,1875,31-Aug-26,data.gov.in
Mango(Raw-Ripe),Nagpur APMC,Maharashtra,Nagpur,Local,4000,4500,4375,31-Aug-26,data.gov.in
Coriander(Leaves),HINGNA - APMC,Maharashtra,Nagpur,Local,1000,5000,3058,31-Aug-26,data.gov.in
Bhindi(Ladies Finger),Kamthi APMC,Maharashtra,Nagpur,Local,1500,2000,1850,31-Aug-26,data.gov.in
Bhindi(Ladies Finger),Nagpur APMC,Maharashtra,Nagpur,Local,2000,2500,2375,31-Aug-26,data.gov.in
Bottle gourd,Nagpur APMC,Maharashtra,Nagpur,Local,1000,1500,1375,31-Aug-26,data.gov.in
Brinjal,Nagpur APMC,Maharashtra,Nagpur,Local,1800,2000,1950,31-Aug-26,data.gov.in
Garlic,Kamthi APMC,Maharashtra,Nagpur,Local,20000,21000,20500,31-Aug-26,data.gov.in
Bottle gourd,HINGNA - APMC,Maharashtra,Nagpur,Local,400,2500,1144,31-Aug-26,data.gov.in
Tomato,Kamthi APMC,Maharashtra,Nagpur,Local,2000,2500,2350,31-Aug-26,data.gov.in
Bitter gourd,Kamthi APMC,Maharashtra,Nagpur,Local,2000,2500,2350,31-Aug-26,data.gov.in
Tomato,Nagpur APMC,Maharashtra,Nagpur,Local,1800,2500,2325,31-Aug-26,data.gov.in
Tomato,Nagpur APMC,Maharashtra,Nagpur,Local,1500,2500,2250,31-Aug-26,data.gov.in
Bitter gourd,Nagpur APMC,Maharashtra,Nagpur,Local,1500,2000,1875,31-Aug-26,data.gov.in
Red gram/Arhar/Tur(whole),Nagpur APMC,Maharashtra,Nagpur,Non-FAQ,7625,7911,7839,31-Aug-26,data.gov.in
Red gram/Arhar/Tur(whole),Agriculture Produce Market Committee Katol,Maharashtra,Nagpur,Non-FAQ,7800,7990,7900,31-Aug-26,data.gov.in
Chili Red,Nagpur APMC,Maharashtra,Nagpur,Local,14000,18000,17000,31-Aug-26,data.gov.in
Chilly Capsicum,Nagpur APMC,Maharashtra,Nagpur,Local,2000,2500,2375,31-Aug-26,data.gov.in
Tomato,Ramtek APMC,Maharashtra,Nagpur,Local,1000,2000,1500,30-Aug-26,data.gov.in
Bitter gourd,Ramtek APMC,Maharashtra,Nagpur,Local,1000,2000,1500,30-Aug-26,data.gov.in
Brinjal,Ramtek APMC,Maharashtra,Nagpur,Local,1000,2000,1500,30-Aug-26,data.gov.in
Bhindi(Ladies Finger),Ramtek APMC,Maharashtra,Nagpur,Local,1500,2500,2000,30-Aug-26,data.gov.in
Coriander(Leaves),Ramtek APMC,Maharashtra,Nagpur,Local,3000,5000,4000,30-Aug-26,data.gov.in
Green Chilli,Ramtek APMC,Maharashtra,Nagpur,Local,2000,4000,3000,30-Aug-26,data.gov.in
Bengal Gram(Gram)(Whole),Agriculture Produce Market Committee Katol,Maharashtra,Nagpur,FAQ,5880,6201,6000,30-Aug-26,data.gov.in
Cabbage,Ramtek APMC,Maharashtra,Nagpur,Local,1000,2000,1500,30-Aug-26,data.gov.in
Ridgeguard(Tori),Ramtek APMC,Maharashtra,Nagpur,Local,1000,2000,1500,30-Aug-26,data.gov.in
Ginger(Green),Ramtek APMC,Maharashtra,Nagpur,Local,5000,6000,5500,30-Aug-26,data.gov.in
Cauliflower,Ramtek APMC,Maharashtra,Nagpur,Local,1500,2500,2000,30-Aug-26,data.gov.in
Potato,Ramtek APMC,Maharashtra,Nagpur,Local,1000,1500,1300,30-Aug-26,data.gov.in
Onion,Ramtek APMC,Maharashtra,Nagpur,Local,3000,5000,4000,30-Aug-26,data.gov.in
Wheat,Agriculture Produce Market Committee Katol,Maharashtra,Nagpur,FAQ,2681,2681,2681,30-Aug-26,data.gov.in
Red gram/Arhar/Tur(whole),Agriculture Produce Market Committee Katol,Maharashtra,Nagpur,Non-FAQ,6800,7999,7900,30-Aug-26,data.gov.in
Chilly Capsicum,Ramtek APMC,Maharashtra,Nagpur,Local,3000,4000,3500,30-Aug-26,data.gov.in
Wheat,Umared APMC,Maharashtra,Nagpur,Non-FAQ,2450,2550,2500,29-Aug-26,data.gov.in
Guar,HINGNA - APMC,Maharashtra,Nagpur,Local,3000,8000,5958,29-Aug-26,data.gov.in
Methi(Leaves),Kamthi APMC,Maharashtra,Nagpur,Local,4500,5000,4750,29-Aug-26,data.gov.in
Little gourd(Kundru),Nagpur APMC,Maharashtra,Nagpur,Local,1500,2500,2250,29-Aug-26,data.gov.in
Spinach,Kalmeshwar APMC,Maharashtra,Nagpur,Local,1060,1500,1340,29-Aug-26,data.gov.in
Spinach,Kamthi APMC,Maharashtra,Nagpur,Local,2000,2500,2350,29-Aug-26,data.gov.in
Pomegranate,Nagpur APMC,Maharashtra,Nagpur,Local,2000,6000,5000,29-Aug-26,data.gov.in
Apple,HINGNA - APMC,Maharashtra,Nagpur,Local,10000,10000,10000,29-Aug-26,data.gov.in
Onion,Ramtek APMC,Maharashtra,Nagpur,Local,1500,2500,2000,29-Aug-26,data.gov.in
Onion,Nagpur APMC,Maharashtra,Nagpur,Local,3500,4000,3875,29-Aug-26,data.gov.in
Potato,Nagpur APMC,Maharashtra,Nagpur,Local,800,1100,1025,29-Aug-26,data.gov.in
Onion,HINGNA - APMC,Maharashtra,Nagpur,Local,2500,5000,3750,29-Aug-26,data.gov.in
Potato,Ramtek APMC,Maharashtra,Nagpur,Local,1000,1500,1300,29-Aug-26,data.gov.in
Potato,Kamthi APMC,Maharashtra,Nagpur,Local,2000,2500,2350,29-Aug-26,data.gov.in
Ginger(Green),Nagpur APMC,Maharashtra,Nagpur,Local,3500,11000,9125,29-Aug-26,data.gov.in
Ginger(Green),HINGNA - APMC,Maharashtra,Nagpur,Local,7000,15000,9500,29-Aug-26,data.gov.in
Raddish,Kalmeshwar APMC,Maharashtra,Nagpur,Local,1025,1500,1335,29-Aug-26,data.gov.in
Apple,Nagpur APMC,Maharashtra,Nagpur,Local,11000,13000,12500,29-Aug-26,data.gov.in
Mousambi(Sweet Lime),Nagpur APMC,Maharashtra,Nagpur,Local,900,1800,1575,29-Aug-26,data.gov.in
Pineapple,Nagpur APMC,Maharashtra,Nagpur,Local,1000,3000,2500,29-Aug-26,data.gov.in
Beetroot,Nagpur APMC,Maharashtra,Nagpur,Local,2000,2500,2375,29-Aug-26,data.gov.in
Drumstick,Nagpur APMC,Maharashtra,Nagpur,Local,3000,3500,3375,29-Aug-26,data.gov.in
Lime,Nagpur APMC,Maharashtra,Nagpur,Local,4000,5000,4750,29-Aug-26,data.gov.in
Cabbage,Kalmeshwar APMC,Maharashtra,Nagpur,Local,1010,1500,1330,29-Aug-26,data.gov.in
Cabbage,Nagpur APMC,Maharashtra,Nagpur,Local,1000,1200,1150,29-Aug-26,data.gov.in
Cabbage,Kamthi APMC,Maharashtra,Nagpur,Local,2000,2500,2350,29-Aug-26,data.gov.in
Bengal Gram(Gram)(Whole),Umared APMC,Maharashtra,Nagpur,Non-FAQ,5800,5870,5840,29-Aug-26,data.gov.in
Bengal Gram(Gram)(Whole),Umared APMC,Maharashtra,Nagpur,FAQ,5880,5900,5890,29-Aug-26,data.gov.in
Cucumbar(Kheera),Kamthi APMC,Maharashtra,Nagpur,Local,1500,2000,1850,29-Aug-26,data.gov.in
Green Chilli,HINGNA - APMC,Maharashtra,Nagpur,Local,3000,4000,3166,29-Aug-26,data.gov.in
Pumpkin,Nagpur APMC,Maharashtra,Nagpur,Local,1000,1200,1150,29-Aug-26,data.gov.in
Green Chilli,Kalmeshwar APMC,Maharashtra,Nagpur,Local,3565,4000,3845,29-Aug-26,data.gov.in
Green Chilli,Nagpur APMC,Maharashtra,Nagpur,Local,1000,2000,1750,29-Aug-26,data.gov.in
Green Chilli,Kamthi APMC,Maharashtra,Nagpur,Local,3000,3500,3350,29-Aug-26,data.gov.in
Mango(Raw-Ripe),Nagpur APMC,Maharashtra,Nagpur,Local,5000,6000,5750,29-Aug-26,data.gov.in
Coriander(Leaves),Nagpur APMC,Maharashtra,Nagpur,Local,1000,2500,2125,29-Aug-26,data.gov.in
Coriander(Leaves),Kalmeshwar APMC,Maharashtra,Nagpur,Local,1025,1500,1315,29-Aug-26,data.gov.in
Pumpkin,HINGNA - APMC,Maharashtra,Nagpur,Local,1000,1500,1250,29-Aug-26,data.gov.in
Carrot,Nagpur APMC,Maharashtra,Nagpur,Local,1500,2200,2025,29-Aug-26,data.gov.in
Coriander(Leaves),HINGNA - APMC,Maharashtra,Nagpur,Local,2000,3000,2571,29-Aug-26,data.gov.in
Bhindi(Ladies Finger),Kamthi APMC,Maharashtra,Nagpur,Local,1500,2000,1750,29-Aug-26,data.gov.in
Bhindi(Ladies Finger),Nagpur APMC,Maharashtra,Nagpur,Local,1000,2000,1750,29-Aug-26,data.gov.in
Bhindi(Ladies Finger),HINGNA - APMC,Maharashtra,Nagpur,Local,500,2200,1290,29-Aug-26,data.gov.in
Garlic,Nagpur APMC,Maharashtra,Nagpur,Local,6000,20000,16500,29-Aug-26,data.gov.in
Bhindi(Ladies Finger),Kalmeshwar APMC,Maharashtra,Nagpur,Local,1535,2000,1855,29-Aug-26,data.gov.in
Brinjal,Ramtek APMC,Maharashtra,Nagpur,Local,1000,2000,1500,29-Aug-26,data.gov.in
Bottle gourd,Nagpur APMC,Maharashtra,Nagpur,Local,1000,1500,1375,29-Aug-26,data.gov.in
Brinjal,Nagpur APMC,Maharashtra,Nagpur,Local,1000,2000,1750,29-Aug-26,data.gov.in
Brinjal,Kamthi APMC,Maharashtra,Nagpur,Local,1500,2000,1850,29-Aug-26,data.gov.in
Onion,Kamthi APMC,Maharashtra,Nagpur,Local,3500,4000,3750,29-Aug-26,data.gov.in
Tomato,Ramtek APMC,Maharashtra,Nagpur,Local,1000,2000,1500,29-Aug-26,data.gov.in
Tomato,Nagpur APMC,Maharashtra,Nagpur,Local,1500,2000,1875,29-Aug-26,data.gov.in
Bitter gourd,Nagpur APMC,Maharashtra,Nagpur,Local,1500,2500,2250,29-Aug-26,data.gov.in
Bottle gourd,Kamthi APMC,Maharashtra,Nagpur,Local,1000,1500,1350,29-Aug-26,data.gov.in
Tomato,Kalmeshwar APMC,Maharashtra,Nagpur,Local,1030,1500,1350,29-Aug-26,data.gov.in
Methi(Leaves),Nagpur APMC,Maharashtra,Nagpur,Local,3000,4000,3750,29-Aug-26,data.gov.in
Chili Red,Nagpur APMC,Maharashtra,Nagpur,Local,14000,18000,17000,29-Aug-26,data.gov.in
Tomato,Kalmeshwar APMC,Maharashtra,Nagpur,Local,1015,1500,1305,28-Aug-26,data.gov.in
Bottle gourd,HINGNA - APMC,Maharashtra,Nagpur,Local,775,1500,978,28-Aug-26,data.gov.in
Tomato,HINGNA - APMC,Maharashtra,Nagpur,Local,1000,2250,1687,28-Aug-26,data.gov.in
Bitter gourd,HINGNA - APMC,Maharashtra,Nagpur,Local,1500,3000,2330,28-Aug-26,data.gov.in
Garlic,HINGNA - APMC,Maharashtra,Nagpur,Local,17000,18000,17500,28-Aug-26,data.gov.in
Brinjal,HINGNA - APMC,Maharashtra,Nagpur,Local,500,2500,1541,28-Aug-26,data.gov.in
Bhindi(Ladies Finger),HINGNA - APMC,Maharashtra,Nagpur,Local,500,2000,1311,28-Aug-26,data.gov.in
Green Chilli,Kalmeshwar APMC,Maharashtra,Nagpur,Local,3535,4000,3855,28-Aug-26,data.gov.in
Pumpkin,Kalmeshwar APMC,Maharashtra,Nagpur,Local,1045,1500,1325,28-Aug-26,data.gov.in
Green Chilli,HINGNA - APMC,Maharashtra,Nagpur,Local,2000,3000,2742,28-Aug-26,data.gov.in
Cucumbar(Kheera),Kalmeshwar APMC,Maharashtra,Nagpur,Local,440,800,630,28-Aug-26,data.gov.in
Cucumbar(Kheera),HINGNA - APMC,Maharashtra,Nagpur,Local,500,1500,1039,28-Aug-26,data.gov.in
Bengal Gram(Gram)(Whole),Nagpur APMC,Maharashtra,Nagpur,Non-FAQ,5775,5874,5849,28-Aug-26,data.gov.in
Bengal Gram(Gram)(Whole),Nagpur APMC,Maharashtra,Nagpur,FAQ,5875,6050,6006,28-Aug-26,data.gov.in
Cabbage,Kalmeshwar APMC,Maharashtra,Nagpur,Local,1565,2000,1835,28-Aug-26,data.gov.in
Raddish,HINGNA - APMC,Maharashtra,Nagpur,Local,600,2000,1354,28-Aug-26,data.gov.in
Banana,HINGNA - APMC,Maharashtra,Nagpur,Local,1500,1500,1500,28-Aug-26,data.gov.in
Grapes,Nagpur APMC,Maharashtra,Nagpur,Local,4000,6000,5500,28-Aug-26,data.gov.in
Pineapple,Nagpur APMC,Maharashtra,Nagpur,Local,1000,3000,2500,28-Aug-26,data.gov.in
Mousambi(Sweet Lime),Nagpur APMC,Maharashtra,Nagpur,Local,900,1800,1575,28-Aug-26,data.gov.in
Apple,Nagpur APMC,Maharashtra,Nagpur,Local,6000,7000,6750,28-Aug-26,data.gov.in
Ridgeguard(Tori),HINGNA - APMC,Maharashtra,Nagpur,Local,1500,2800,2100,28-Aug-26,data.gov.in
Cauliflower,HINGNA - APMC,Maharashtra,Nagpur,Local,2100,3000,2550,28-Aug-26,data.gov.in
Potato,HINGNA - APMC,Maharashtra,Nagpur,Local,1400,1500,1450,28-Aug-26,data.gov.in
Onion,HINGNA - APMC,Maharashtra,Nagpur,Local,3800,5000,4375,28-Aug-26,data.gov.in
Pomegranate,Nagpur APMC,Maharashtra,Nagpur,Local,2000,6000,5000,28-Aug-26,data.gov.in
Soyabean,Nagpur APMC,Maharashtra,Nagpur,Local,5000,5200,5150,28-Aug-26,data.gov.in
Spinach,HINGNA - APMC,Maharashtra,Nagpur,Local,900,3500,2030,28-Aug-26,data.gov.in
Spinach,Kalmeshwar APMC,Maharashtra,Nagpur,Local,625,1000,815,28-Aug-26,data.gov.in
Guar,HINGNA - APMC,Maharashtra,Nagpur,Local,5000,6000,5333,28-Aug-26,data.gov.in
Rice,Nagpur APMC,Maharashtra,Nagpur,Local,6200,6500,6425,28-Aug-26,data.gov.in
Wheat,Nagpur APMC,Maharashtra,Nagpur,Non-FAQ,2570,2584,2580,28-Aug-26,data.gov.in
Wheat,Nagpur APMC,Maharashtra,Nagpur,FAQ,2585,2726,2690,28-Aug-26,data.gov.in
Chili Red,Nagpur APMC,Maharashtra,Nagpur,Local,14000,18000,17000,28-Aug-26,data.gov.in
Corriander seed,Nagpur APMC,Maharashtra,Nagpur,Local,12000,13000,12750,28-Aug-26,data.gov.in
Red gram/Arhar/Tur(whole),Nagpur APMC,Maharashtra,Nagpur,Non-FAQ,7400,7999,7849,28-Aug-26,data.gov.in
Red gram/Arhar/Tur(whole),Nagpur APMC,Maharashtra,Nagpur,FAQ,8000,8111,8083,28-Aug-26,data.gov.in
Wheat,Nagpur APMC,Maharashtra,Nagpur,FAQ,3200,3500,3425,25-Aug-26,data.gov.in
Wheat,Nagpur APMC,Maharashtra,Nagpur,Non-FAQ,2510,2584,2565,25-Aug-26,data.gov.in
Wheat,Savner APMC,Maharashtra,Nagpur,Non-FAQ,2501,2540,2540,25-Aug-26,data.gov.in
Guar,HINGNA - APMC,Maharashtra,Nagpur,Local,6000,7000,6500,25-Aug-26,data.gov.in
Spinach,Kalmeshwar APMC,Maharashtra,Nagpur,Local,1030,1500,1350,25-Aug-26,data.gov.in
Little gourd(Kundru),Nagpur APMC,Maharashtra,Nagpur,Local,2000,3000,2750,25-Aug-26,data.gov.in
Peas Wet,HINGNA - APMC,Maharashtra,Nagpur,Local,8000,8000,8000,25-Aug-26,data.gov.in
Potato,HINGNA - APMC,Maharashtra,Nagpur,Local,1200,1500,1366,25-Aug-26,data.gov.in
Ginger(Green),Kamthi APMC,Maharashtra,Nagpur,Local,7000,8000,7650,25-Aug-26,data.gov.in
Drumstick,HINGNA - APMC,Maharashtra,Nagpur,Local,3000,3500,3250,25-Aug-26,data.gov.in
Raddish,HINGNA - APMC,Maharashtra,Nagpur,Local,1000,2000,1522,25-Aug-26,data.gov.in
Cabbage,Kamthi APMC,Maharashtra,Nagpur,Local,2000,2500,2350,25-Aug-26,data.gov.in
Bengal Gram(Gram)(Whole),Savner APMC,Maharashtra,Nagpur,Non-FAQ,5300,5800,5700,25-Aug-26,data.gov.in
Bengal Gram(Gram)(Whole),Savner APMC,Maharashtra,Nagpur,FAQ,5875,6100,5900,25-Aug-26,data.gov.in
Bengal Gram(Gram)(Whole),Nagpur APMC,Maharashtra,Nagpur,Non-FAQ,5600,5874,5805,25-Aug-26,data.gov.in
Bengal Gram(Gram)(Whole),Nagpur APMC,Maharashtra,Nagpur,FAQ,5875,6200,6118,25-Aug-26,data.gov.in
Green Chilli,HINGNA - APMC,Maharashtra,Nagpur,Local,3000,5000,4050,25-Aug-26,data.gov.in
Green Chilli,Kalmeshwar APMC,Maharashtra,Nagpur,Local,3535,4000,3855,25-Aug-26,data.gov.in
Green Chilli,Nagpur APMC,Maharashtra,Nagpur,Local,2500,3000,2875,25-Aug-26,data.gov.in
Green Chilli,Kamthi APMC,Maharashtra,Nagpur,Local,4000,4500,4450,25-Aug-26,data.gov.in
Pumpkin,HINGNA - APMC,Maharashtra,Nagpur,Local,1200,1500,1333,25-Aug-26,data.gov.in
Carrot,Nagpur APMC,Maharashtra,Nagpur,Local,1500,2000,1875,25-Aug-26,data.gov.in
Carrot,HINGNA - APMC,Maharashtra,Nagpur,Local,2000,2500,2333,25-Aug-26,data.gov.in
Mango(Raw-Ripe),Nagpur APMC,Maharashtra,Nagpur,Local,5000,6000,5750,25-Aug-26,data.gov.in
Coriander(Leaves),Nagpur APMC,Maharashtra,Nagpur,Local,1000,3000,2500,25-Aug-26,data.gov.in
Bhindi(Ladies Finger),HINGNA - APMC,Maharashtra,Nagpur,Local,500,2500,1784,25-Aug-26,data.gov.in
Bhindi(Ladies Finger),Kalmeshwar APMC,Maharashtra,Nagpur,Local,1565,2000,1845,25-Aug-26,data.gov.in
Bhindi(Ladies Finger),Kamthi APMC,Maharashtra,Nagpur,Local,1500,2000,1750,25-Aug-26,data.gov.in
Brinjal,HINGNA - APMC,Maharashtra,Nagpur,Local,500,5000,1654,25-Aug-26,data.gov.in
Brinjal,Kalmeshwar APMC,Maharashtra,Nagpur,Local,1520,2000,1810,25-Aug-26,data.gov.in
Tomato,HINGNA - APMC,Maharashtra,Nagpur,Local,2000,2500,2141,25-Aug-26,data.gov.in
Bitter gourd,Nagpur APMC,Maharashtra,Nagpur,Local,2000,3000,2750,25-Aug-26,data.gov.in
Tomato,Nagpur APMC,Maharashtra,Nagpur,Local,1500,2200,2025,25-Aug-26,data.gov.in
